{"pl-settings":{"live":{"settings":{"pagelines_favicon":"[pl_parent_url]\/images\/default-favicon.png","pl_login_image":"[pl_parent_url]\/images\/default-login-image.png","pagelines_touchicon":"[pl_parent_url]\/images\/default-touch-icon.png","layout_mode":"pixel","layout_display_mode":"display-full","font_primary":"lucida_grande","base_font_size":"18","font_primary_weight":"300","font_headers":"source_sans_pro","header_base_size":"16","font_headers_weight":"600","bodybg":"#FFFFFF","text_primary":"#363636","linkcolor":"#006190","supersize_bg":"1","page_background_image_repeat":"repeat","page_background_image_pos_vert":"0","page_background_image_pos_hor":"50","page_background_image_attach":"fixed","share_google":"true","share_facebook":"true","share_twitter":"true","navbar_fixed":"0","navbar_logo":"http:\/\/wp-fotos\/wp-content\/themes\/dms\/images\/dms.png","fixed_navbar_theme":"base","fixed_navbar_alignment":"1","enable_debug":"1","load_prettify_libs":"0","content_width_px":"1024px","content_width_percent":"69%","fixed_navbar_enable_hover":"0","fixed_navbar_hidesearch":"0","ba_fotos_post_date_style":"fotos-date-stacked","ba_fotos_social_mode":"icon","ba_fotos_post_header_layout":"title-right","ba_fotos_post_title_col":"94","ba_fotos_post_date_col":"6","ba_fotos_nav_font_color":"F8F8F8","ba_fotos_nav_base_color":"129CCE","ba_fotos_post_title_align":"align-left","ba_fotos_post_content_cols":"0","ba_fotos_contact_email":"email@nickhaskins.com","ba_fotos_contact_enable_extra":"0","ba_fotos_contact_enable_captcha":"0","ba_fotos_content_shadow":"0","ba_fotos_post_date_align":"pull-left","custom_less":"\/\/temp fix for this https:\/\/github.com\/pagelines\/DMS\/issues\/470\nbody .site-wrap {background:@pl-base !important;} ","ba_fotos_global_logo":"https:\/\/dl.dropboxusercontent.com\/u\/5594632\/fotos-skin-assets\/dapper\/dapper-logo.png","ba_fotos_social_align":"center","ba_fotos_social_share_txt":"share","ba_fotos_art_sep":"<hr class=\"soften\">","ba_fotos_post_header_border":"1"},"regions":{"header":[{"name":"","class":"","id":"pl_areariwbi6","object":"PLSectionArea","sid":"pl_area","clone":"riwbi6","content":[{"object":"fotosLogoBox","clone":"h9wa6y","sid":"fotos-logo-box","span":"3","offset":"0","newrow":"false"},{"object":"SimpleNav","clone":"f4wey3","sid":"simple_nav","span":"9","offset":"0","newrow":"false"}]},{"name":"","class":"","id":"pl_areaqxrop0","object":"PLSectionArea","sid":"pl_area","clone":"qxrop0","content":[{"object":"baFotosContact","clone":"hza2df","sid":"fotos-contact","span":"12","offset":"0","newrow":"false"}]},{"name":"","class":"","id":"fotos-blog-slidercujn7q","object":"baFotosBlogSlider","sid":"fotos-blog-slider","clone":"cujn7q"}],"footer":[{"name":"","class":"","id":"pl_areae59129","object":"PLSectionArea","sid":"pl_area","clone":"e59129","content":[{"object":"SimpleNav","clone":"e5915b","sid":"simple_nav","span":"12","offset":"0","newrow":"false"}]}]},"file":"","cujn7q":{"ba_fotos_blog_slider_type":"slides","ba_fotos_blog_slider_full_width":"0","fotos_blog_slider_array":{"item1":{"img":"[pl_site_url]\/wp-content\/uploads\/2013\/10\/nate-parker_1.jpg","img_attach_id":"35"},"item2":{"img":"[pl_site_url]\/wp-content\/uploads\/2013\/10\/locke_eng-61-XL.jpg","img_attach_id":""},"item3":{"img":"[pl_site_url]\/wp-content\/uploads\/2013\/10\/curbowfavs-5-XL.jpg","img_attach_id":""}},"ba_fotos_blog_slider_array":{"item1":{"img":"[pl_site_url]\/wp-content\/uploads\/2013\/10\/MG_4305-Edit1.jpg","img_attach_id":""},"item2":{"img":"[pl_site_url]\/wp-content\/uploads\/2013\/10\/Batur-Lake-Bali-BW1.jpg","img_attach_id":""},"item3":{"img":"[pl_site_url]\/wp-content\/uploads\/2013\/10\/BernardMaineFebruaryTwilight.jpg","img_attach_id":""}},"ba_fotos_blog_slider_match_height":"1","ba_fotos_blog_slider_height":"440px"},"ru3psd":{"ba_fotos_bio_links_num":"3","ba_fotos_bio_text":"<p>[fotos_dropcap color=\"#E1114B\"]L[\/fotos_dropcap]orem ipsum dolor sit amet, consectetur adipiscing elit. Aliquam sed euismod ipsum. Ut ac fringilla dolor. Nam convallis ante sit amet iaculis blandit. Mauris sollicitudin lorem in bibendum scelerisque. Donec consectetur pharetra congue. Donec lacinia fermentum nunc in eleifend. Duis a dolor mi.<\/p>","ba_fotos_bio_link_array":{"item1":{"link":"#","icon":"twitter","img":"","img_attach_id":""},"item2":{"link":"#","icon":"facebook","img":"","img_attach_id":""},"item3":{"link":"#","icon":"pinterest","img":"","img_attach_id":""}},"ba_fotos_bio_layout":"image-right","ba_fotos_bio_txt_col":"9","ba_fotos_bio_img_col":"3"},"e59129":{"pl_area_pad":"0px","pl_area_pad_bottom":"20px","pl_area_bg_repeat":"0","pl_area_parallax":"0"},"f4wey3":{"simple_nav_align":"right","simple_nav_menu":"2"},"riwbi6":{"pl_area_bg_repeat":"0","pl_area_parallax":"0","pl_area_pad_bottom":"0px","pl_area_pad":"30px"},"h9wa6y":{"ba_fotos_logo_gohome":"1"},"qxrop0":{"pl_area_pad":"0px","pl_area_bg_repeat":"0","pl_area_parallax":"0","pl_area_pad_bottom":"20px"}},"draft":{"settings":{"pagelines_favicon":"[pl_parent_url]\/images\/default-favicon.png","pl_login_image":"[pl_parent_url]\/images\/default-login-image.png","pagelines_touchicon":"[pl_parent_url]\/images\/default-touch-icon.png","layout_mode":"pixel","layout_display_mode":"display-full","font_primary":"lucida_grande","base_font_size":"18","font_primary_weight":"300","font_headers":"source_sans_pro","header_base_size":"16","font_headers_weight":"600","bodybg":"#FFFFFF","text_primary":"#363636","linkcolor":"#006190","supersize_bg":"1","page_background_image_repeat":"repeat","page_background_image_pos_vert":"0","page_background_image_pos_hor":"50","page_background_image_attach":"fixed","share_google":"true","share_facebook":"true","share_twitter":"true","navbar_fixed":"0","navbar_logo":"http:\/\/wp-fotos\/wp-content\/themes\/dms\/images\/dms.png","fixed_navbar_theme":"base","fixed_navbar_alignment":"1","enable_debug":"1","load_prettify_libs":"0","content_width_px":"1024px","content_width_percent":"69%","fixed_navbar_enable_hover":"0","fixed_navbar_hidesearch":"0","ba_fotos_post_date_style":"fotos-date-stacked","ba_fotos_social_mode":"icon","ba_fotos_post_header_layout":"title-right","ba_fotos_post_title_col":"94","ba_fotos_post_date_col":"6","ba_fotos_nav_font_color":"F8F8F8","ba_fotos_nav_base_color":"129CCE","ba_fotos_post_title_align":"align-left","ba_fotos_post_content_cols":"0","ba_fotos_contact_email":"email@nickhaskins.com","ba_fotos_contact_enable_extra":"0","ba_fotos_contact_enable_captcha":"0","ba_fotos_content_shadow":"0","ba_fotos_post_date_align":"pull-left","custom_less":"\/\/temp fix for this https:\/\/github.com\/pagelines\/DMS\/issues\/470\nbody .site-wrap {background:@pl-base !important;} ","ba_fotos_global_logo":"https:\/\/dl.dropboxusercontent.com\/u\/5594632\/fotos-skin-assets\/dapper\/dapper-logo.png","ba_fotos_social_align":"center","ba_fotos_social_share_txt":"share","ba_fotos_art_sep":"<hr class=\"soften\">","ba_fotos_post_header_border":"1"},"regions":{"header":[{"name":"","class":"","id":"pl_areariwbi6","object":"PLSectionArea","sid":"pl_area","clone":"riwbi6","content":[{"object":"fotosLogoBox","clone":"h9wa6y","sid":"fotos-logo-box","span":"3","offset":"0","newrow":"false"},{"object":"SimpleNav","clone":"f4wey3","sid":"simple_nav","span":"9","offset":"0","newrow":"false"}]},{"name":"","class":"","id":"pl_areaqxrop0","object":"PLSectionArea","sid":"pl_area","clone":"qxrop0","content":[{"object":"baFotosContact","clone":"hza2df","sid":"fotos-contact","span":"12","offset":"0","newrow":"false"}]},{"name":"","class":"","id":"fotos-blog-slidercujn7q","object":"baFotosBlogSlider","sid":"fotos-blog-slider","clone":"cujn7q"}],"footer":[{"name":"","class":"","id":"pl_areae59129","object":"PLSectionArea","sid":"pl_area","clone":"e59129","content":[{"object":"SimpleNav","clone":"e5915b","sid":"simple_nav","span":"12","offset":"0","newrow":"false"}]}]},"file":"","cujn7q":{"ba_fotos_blog_slider_type":"slides","ba_fotos_blog_slider_full_width":"0","fotos_blog_slider_array":{"item1":{"img":"[pl_site_url]\/wp-content\/uploads\/2013\/10\/nate-parker_1.jpg","img_attach_id":"35"},"item2":{"img":"[pl_site_url]\/wp-content\/uploads\/2013\/10\/locke_eng-61-XL.jpg","img_attach_id":""},"item3":{"img":"[pl_site_url]\/wp-content\/uploads\/2013\/10\/curbowfavs-5-XL.jpg","img_attach_id":""}},"ba_fotos_blog_slider_array":{"item1":{"img":"[pl_site_url]\/wp-content\/uploads\/2013\/10\/MG_4305-Edit1.jpg","img_attach_id":""},"item2":{"img":"[pl_site_url]\/wp-content\/uploads\/2013\/10\/Batur-Lake-Bali-BW1.jpg","img_attach_id":""},"item3":{"img":"[pl_site_url]\/wp-content\/uploads\/2013\/10\/BernardMaineFebruaryTwilight.jpg","img_attach_id":""}},"ba_fotos_blog_slider_match_height":"1","ba_fotos_blog_slider_height":"440px"},"ru3psd":{"ba_fotos_bio_links_num":"3","ba_fotos_bio_text":"<p>[fotos_dropcap color=\"#E1114B\"]L[\/fotos_dropcap]orem ipsum dolor sit amet, consectetur adipiscing elit. Aliquam sed euismod ipsum. Ut ac fringilla dolor. Nam convallis ante sit amet iaculis blandit. Mauris sollicitudin lorem in bibendum scelerisque. Donec consectetur pharetra congue. Donec lacinia fermentum nunc in eleifend. Duis a dolor mi.<\/p>","ba_fotos_bio_link_array":{"item1":{"link":"#","icon":"twitter","img":"","img_attach_id":""},"item2":{"link":"#","icon":"facebook","img":"","img_attach_id":""},"item3":{"link":"#","icon":"pinterest","img":"","img_attach_id":""}},"ba_fotos_bio_layout":"image-right","ba_fotos_bio_txt_col":"9","ba_fotos_bio_img_col":"3"},"e59129":{"pl_area_pad":"0px","pl_area_pad_bottom":"20px","pl_area_bg_repeat":"0","pl_area_parallax":"0"},"f4wey3":{"simple_nav_align":"right","simple_nav_menu":"2"},"riwbi6":{"pl_area_bg_repeat":"0","pl_area_parallax":"0","pl_area_pad_bottom":"0px","pl_area_pad":"30px"},"h9wa6y":{"ba_fotos_logo_gohome":"1"},"qxrop0":{"pl_area_pad":"0px","pl_area_bg_repeat":"0","pl_area_parallax":"0","pl_area_pad_bottom":"20px"}}},"pl-user-templates":{"dapper":{"name":"Dapper","desc":"A simple, and modern template with a slider, boxes, and a grid blog loop.","map":[{"name":"","class":"","id":"pl_areal8h84s","object":"PLSectionArea","sid":"pl_area","clone":"l8h84s","content":[{"object":"PLColumn","clone":"ddbd52","sid":"plcolumn","span":"4","offset":"0","newrow":"true","content":[{"object":"fotosHTMLBox","clone":"ctxgsu","sid":"fotos-html-box","span":"12","offset":"0","newrow":"false"}]},{"object":"PLColumn","clone":"ddbd85","sid":"plcolumn","span":"4","offset":"0","newrow":"false","content":[{"object":"fotosHTMLBox","clone":"3sxbk1","sid":"fotos-html-box","span":"12","offset":"0","newrow":"false"}]},{"object":"PLColumn","clone":"ddbdaf","sid":"plcolumn","span":"4","offset":"0","newrow":"false","content":[{"object":"fotosHTMLBox","clone":"2tghhx","sid":"fotos-html-box","span":"12","offset":"0","newrow":"false"}]}]},{"name":"","class":"","id":"pl_areahy0gz9","object":"PLSectionArea","sid":"pl_area","clone":"hy0gz9","content":[{"object":"baFotosSeparator","clone":"28oeh7","sid":"fotos-separator","span":"12","offset":"0","newrow":"false"}]},{"name":"","class":"","id":"pl_areae5918b","object":"PLSectionArea","sid":"pl_area","clone":"e5918b","content":[{"object":"fotosGridBlogLoop","clone":"np5zr5","sid":"fotos-grid-blog-loop","span":"12","offset":"0","newrow":"false"}]}],"settings":{"file":"","page-template":"dapper","custom-map":{"template":[{"name":"","class":"","id":"pl_areal8h84s","object":"PLSectionArea","sid":"pl_area","clone":"l8h84s","content":[{"object":"PLColumn","clone":"ddbd52","sid":"plcolumn","span":"4","offset":"0","newrow":"true","content":[{"object":"fotosHTMLBox","clone":"ctxgsu","sid":"fotos-html-box","span":"12","offset":"0","newrow":"false"}]},{"object":"PLColumn","clone":"ddbd85","sid":"plcolumn","span":"4","offset":"0","newrow":"false","content":[{"object":"fotosHTMLBox","clone":"3sxbk1","sid":"fotos-html-box","span":"12","offset":"0","newrow":"false"}]},{"object":"PLColumn","clone":"ddbdaf","sid":"plcolumn","span":"4","offset":"0","newrow":"false","content":[{"object":"fotosHTMLBox","clone":"2tghhx","sid":"fotos-html-box","span":"12","offset":"0","newrow":"false"}]}]},{"name":"","class":"","id":"pl_areahy0gz9","object":"PLSectionArea","sid":"pl_area","clone":"hy0gz9","content":[{"object":"baFotosSeparator","clone":"28oeh7","sid":"fotos-separator","span":"12","offset":"0","newrow":"false"}]},{"name":"","class":"","id":"pl_areae5918b","object":"PLSectionArea","sid":"pl_area","clone":"e5918b","content":[{"object":"fotosGridBlogLoop","clone":"np5zr5","sid":"fotos-grid-blog-loop","span":"12","offset":"0","newrow":"false"}]}]},"ddbdaf":{"pl_area_class":"zmb"},"ddbd85":{"pl_area_class":"zmb"},"ddbd52":{"pl_area_class":"zmb"},"2tghhx":{"ba_fotos_html_box_content":"<a href=\\\"#\\\" class=\\\"fotos-cap-box\\\">\n<h2 class=\\\"fotos-large-caps\\\">lifestyle<\/h2>\n<p class=\\\"fotos-small-caps fotos-muted\\\">amazing and awesome<\/p>\n<\/a>","pl_area_class":"center fotos-20-pad-top","ba_fotos_html_box_fat":"0","ba_fotos_html_box_fat-flip":"0"},"ctxgsu":{"ba_fotos_html_box_content":"<a href=\\\"#\\\" class=\\\"fotos-cap-box\\\">\n<h2 class=\\\"fotos-large-caps\\\">weddings<\/h2>\n<p class=\\\"fotos-small-caps fotos-muted\\\">amazing and awesome<\/p>\n<\/a>","pl_area_class":"center fotos-20-pad-top","ba_fotos_html_box_fat":"0","ba_fotos_html_box_fat-flip":"0"},"3sxbk1":{"ba_fotos_html_box_content":"<a href=\\\"#\\\" class=\\\"fotos-cap-box\\\">\n<h2 class=\\\"fotos-large-caps\\\">newborns<\/h2>\n<p class=\\\"fotos-small-caps fotos-muted\\\">amazing and awesome<\/p>\n<\/a>","pl_area_class":"center fotos-20-pad-top","ba_fotos_html_box_fat":"0","ba_fotos_html_box_fat-flip":"0"},"28oeh7":{"ba_fotos_break_type":"double","ba_fotos_break_margin_bottom":"0"},"l8h84s":{"pl_area_pad":"60px","pl_area_bg_repeat":"0","pl_area_bg_repeat-flip":"0","pl_area_parallax":"0","pl_area_parallax-flip":"0"},"hy0gz9":{"pl_area_pad":"0px","pl_area_pad_bottom":"40px","pl_area_bg_repeat":"0","pl_area_bg_repeat-flip":"0","pl_area_parallax":"0","pl_area_parallax-flip":"0"},"np5zr5":{"ba_fotos_grid_loop_border":"1","ba_fotos_grid_loop_border-flip":"0"}}}},"post_meta":{"70293952":[{"draft":{"file":"","page-template":"dapper","custom-map":{"template":[{"name":"","class":"","id":"pl_areal8h84s","object":"PLSectionArea","sid":"pl_area","clone":"l8h84s","content":[{"object":"PLColumn","clone":"ddbd52","sid":"plcolumn","span":"4","offset":"0","newrow":"true","content":[{"object":"fotosHTMLBox","clone":"ctxgsu","sid":"fotos-html-box","span":"12","offset":"0","newrow":"false"}]},{"object":"PLColumn","clone":"ddbd85","sid":"plcolumn","span":"4","offset":"0","newrow":"false","content":[{"object":"fotosHTMLBox","clone":"3sxbk1","sid":"fotos-html-box","span":"12","offset":"0","newrow":"false"}]},{"object":"PLColumn","clone":"ddbdaf","sid":"plcolumn","span":"4","offset":"0","newrow":"false","content":[{"object":"fotosHTMLBox","clone":"2tghhx","sid":"fotos-html-box","span":"12","offset":"0","newrow":"false"}]}]},{"name":"","class":"","id":"pl_areahy0gz9","object":"PLSectionArea","sid":"pl_area","clone":"hy0gz9","content":[{"object":"baFotosSeparator","clone":"28oeh7","sid":"fotos-separator","span":"12","offset":"0","newrow":"false"}]},{"name":"","class":"","id":"pl_areae5918b","object":"PLSectionArea","sid":"pl_area","clone":"e5918b","content":[{"object":"fotosGridBlogLoop","clone":"np5zr5","sid":"fotos-grid-blog-loop","span":"12","offset":"0","newrow":"false"}]}]},"ddbdaf":{"pl_area_class":"zmb"},"ddbd85":{"pl_area_class":"zmb"},"ddbd52":{"pl_area_class":"zmb"},"2tghhx":{"ba_fotos_html_box_content":"<a href=\"#\" class=\"fotos-cap-box\">\n<h2 class=\"fotos-large-caps\">lifestyle<\/h2>\n<p class=\"fotos-small-caps fotos-muted\">amazing and awesome<\/p>\n<\/a>","pl_area_class":"center fotos-20-pad-top","ba_fotos_html_box_fat":"0","ba_fotos_html_box_fat-flip":"0"},"ctxgsu":{"ba_fotos_html_box_content":"<a href=\"#\" class=\"fotos-cap-box\">\n<h2 class=\"fotos-large-caps\">weddings<\/h2>\n<p class=\"fotos-small-caps fotos-muted\">amazing and awesome<\/p>\n<\/a>","pl_area_class":"center fotos-20-pad-top","ba_fotos_html_box_fat":"0","ba_fotos_html_box_fat-flip":"0"},"3sxbk1":{"ba_fotos_html_box_content":"<a href=\"#\" class=\"fotos-cap-box\">\n<h2 class=\"fotos-large-caps\">newborns<\/h2>\n<p class=\"fotos-small-caps fotos-muted\">amazing and awesome<\/p>\n<\/a>","pl_area_class":"center fotos-20-pad-top","ba_fotos_html_box_fat":"0","ba_fotos_html_box_fat-flip":"0"},"28oeh7":{"ba_fotos_break_type":"double","ba_fotos_break_margin_bottom":"0"},"l8h84s":{"pl_area_pad":"60px","pl_area_bg_repeat":"0","pl_area_bg_repeat-flip":"0","pl_area_parallax":"0","pl_area_parallax-flip":"0"},"hy0gz9":{"pl_area_pad":"0px","pl_area_pad_bottom":"40px","pl_area_bg_repeat":"0","pl_area_bg_repeat-flip":"0","pl_area_parallax":"0","pl_area_parallax-flip":"0"},"np5zr5":{"ba_fotos_grid_loop_border":"1","ba_fotos_grid_loop_border-flip":"0"}},"live":{"file":"","page-template":"dapper","custom-map":{"template":[{"name":"","class":"","id":"pl_areal8h84s","object":"PLSectionArea","sid":"pl_area","clone":"l8h84s","content":[{"object":"PLColumn","clone":"ddbd52","sid":"plcolumn","span":"4","offset":"0","newrow":"true","content":[{"object":"fotosHTMLBox","clone":"ctxgsu","sid":"fotos-html-box","span":"12","offset":"0","newrow":"false"}]},{"object":"PLColumn","clone":"ddbd85","sid":"plcolumn","span":"4","offset":"0","newrow":"false","content":[{"object":"fotosHTMLBox","clone":"3sxbk1","sid":"fotos-html-box","span":"12","offset":"0","newrow":"false"}]},{"object":"PLColumn","clone":"ddbdaf","sid":"plcolumn","span":"4","offset":"0","newrow":"false","content":[{"object":"fotosHTMLBox","clone":"2tghhx","sid":"fotos-html-box","span":"12","offset":"0","newrow":"false"}]}]},{"name":"","class":"","id":"pl_areahy0gz9","object":"PLSectionArea","sid":"pl_area","clone":"hy0gz9","content":[{"object":"baFotosSeparator","clone":"28oeh7","sid":"fotos-separator","span":"12","offset":"0","newrow":"false"}]},{"name":"","class":"","id":"pl_areae5918b","object":"PLSectionArea","sid":"pl_area","clone":"e5918b","content":[{"object":"fotosGridBlogLoop","clone":"np5zr5","sid":"fotos-grid-blog-loop","span":"12","offset":"0","newrow":"false"}]}]},"ddbdaf":{"pl_area_class":"zmb"},"ddbd85":{"pl_area_class":"zmb"},"ddbd52":{"pl_area_class":"zmb"},"2tghhx":{"ba_fotos_html_box_content":"<a href=\"#\" class=\"fotos-cap-box\">\n<h2 class=\"fotos-large-caps\">lifestyle<\/h2>\n<p class=\"fotos-small-caps fotos-muted\">amazing and awesome<\/p>\n<\/a>","pl_area_class":"center fotos-20-pad-top","ba_fotos_html_box_fat":"0","ba_fotos_html_box_fat-flip":"0"},"ctxgsu":{"ba_fotos_html_box_content":"<a href=\"#\" class=\"fotos-cap-box\">\n<h2 class=\"fotos-large-caps\">weddings<\/h2>\n<p class=\"fotos-small-caps fotos-muted\">amazing and awesome<\/p>\n<\/a>","pl_area_class":"center fotos-20-pad-top","ba_fotos_html_box_fat":"0","ba_fotos_html_box_fat-flip":"0"},"3sxbk1":{"ba_fotos_html_box_content":"<a href=\"#\" class=\"fotos-cap-box\">\n<h2 class=\"fotos-large-caps\">newborns<\/h2>\n<p class=\"fotos-small-caps fotos-muted\">amazing and awesome<\/p>\n<\/a>","pl_area_class":"center fotos-20-pad-top","ba_fotos_html_box_fat":"0","ba_fotos_html_box_fat-flip":"0"},"28oeh7":{"ba_fotos_break_type":"double","ba_fotos_break_margin_bottom":"0"},"l8h84s":{"pl_area_pad":"60px","pl_area_bg_repeat":"0","pl_area_bg_repeat-flip":"0","pl_area_parallax":"0","pl_area_parallax-flip":"0"},"hy0gz9":{"pl_area_pad":"0px","pl_area_pad_bottom":"40px","pl_area_bg_repeat":"0","pl_area_bg_repeat-flip":"0","pl_area_parallax":"0","pl_area_parallax-flip":"0"},"np5zr5":{"ba_fotos_grid_loop_border":"1","ba_fotos_grid_loop_border-flip":"0"}}}]}}
/*
Theme: PageLines v1.0.9.2
Child: fotos v0.1
Exported: Monday 14th of October 2013 08:00:21 PM
*/
